Angular_Width,27,36,31,29,35,39,42,47,35,39,30,34,47,32,38,36,41,37,34,50,20,32,28,59,40,45,39,23,23,39,38,35
Velocity,1700,1323,1334,602,815,1081,950,1450,900,870,1638,1200,1020,830,1225,680,648,400,1040,974,341,850,538,1500,944,1150,930,685,460,670,680,640
Observed,2.2430555555555554,1.9215277777777777,1.7048611111111112,3.270138888888889,2.7694444444444444,1.95,2.213888888888889,2.45,3.4923611111111112,2.854861111111111,2.6881944444444446,2.967361111111111,2.1631944444444446,2.770138888888889,2.727777777777778,3.80625,3.1902777777777778,4.250694444444444,2.9868055555555557,2.5791666666666666,3.9430555555555555,2.792361111111111,4.080555555555556,2.6798611111111112,2.2756944444444445,2.3958333333333335,2.776388888888889,3.9430555555555555,3.926388888888889,4.305555555555555,2.904861111111111,3.920138888888889
Spheroidal,,2.9284439645707607,,,2.4933155314065516,2.8737431154586375,2.4887570976279676,2.7688165782019496,,2.1319343773648143,,,4.0739680686965585,2.172917379066348,4.110422735102475,,,3.8352684914134443,,3.193174928892404,3.333281271159649,,,,2.5631323498673737,,,,,3.1706902803853154,3.2478724238462746,3.0828088955022395
tt_1.0h,,3.5539607126265764,,,2.860901617910713,3.724845035467297,3.5973431393504143,4.011926649138331,,2.641132641,,,4.679397728294134,2.464122953824699,4.889839364681393,,,4.340086788404733,,3.984659087844193,3.305326078,,,,3.2541509070433676,,,,,3.9085203702561557,3.884850866161287,3.681102565024048
tt_1.5h,,3.4353834502398968,,,2.7856464707292616,3.588245789,3.3576260493136942,3.782815916929394,,2.5149292717687786,,,4.619490044,2.413346971385181,4.7671086098998785,,,4.279640214983374,,3.904115521349013,3.2942270594649017,,,,3.170135369990021,,,,,3.7926729074679315,3.798263620585203,3.5896228682249784
tt_2.0h,,3.3498749448917806,,,2.765839250292629,3.4757090234197676,3.192988836672157,3.5967952986247838,,2.4159882962703705,,,4.5535891661420465,2.360851884353906,4.678286952432245,,,4.2412214847281575,,3.82584556,3.299293336458504,,,,3.0930368271656334,,,,,3.705699678044766,3.731945214793086,3.516885089688003
tt_2.5h,,3.2305444916710258,,,2.675714443437755,3.374585089739412,3.068751439,3.4418850541114807,,2.389879013877362,,,4.511806271970272,2.315149074420333,4.506466247,,,4.194044092204422,,3.7912421436049044,3.3048365684226155,,,,3.025444438215345,,,,,3.6353423334658146,3.690471307374537,3.4708930873312056
tt_3.0h,,3.184364499989897,,,2.6648732549510896,3.288253152742982,2.9692557719536126,3.3107201121747494,,2.3408405133523047,,,4.459410395473242,2.2907346305437386,4.446353974752128,,,4.152897184249014,,3.739730801898986,3.296912567690015,,,,2.945903849322349,,,,,3.5759333320893347,3.626828819978982,3.4176269359886646
tt_3.5h,,3.083419349975884,,,2.639565507415682,3.1951187062077224,2.8863854510709643,3.1774586141109467,,2.286808894,,,4.426781821530312,2.262697647791356,4.375780254136771,,,4.135088286362588,,3.675530765671283,3.303116454742849,,,,2.905190701596439,,,,,3.524341719225049,3.5797897153533995,3.3712236690334976
tt_4.0h,,3.011960396543145,,,2.613828725,3.1219561784528196,2.815537801478058,3.082038931082934,,2.256545281969011,,,4.380760472267866,2.2463338975794613,4.325844048522413,,,4.101586651522666,,3.6301734843291342,3.3091853125952184,,,,2.8380486192181706,,,,,3.490826233755797,3.5294310986064374,3.330169066786766
tt_4.5h,,2.956797019112855,,,2.586940521374345,3.059185738209635,2.7539217211306095,2.9977302802726626,,2.2318640714511275,,,4.352936528623104,2.222304067,4.209417986217886,,,4.071919168,,3.5872153686359525,3.3023171997629106,,,,2.7764306566677988,,,,,3.449185023549944,3.4959705863147974,3.3037475366145372
tt_5.0h,,2.910300260409713,,,2.5529701579362154,2.9980604704469442,2.6895514354109764,2.9223284339532256,,2.2139628883451223,,,4.310658130329102,2.1948485006578267,4.169548474717885,,,4.054940485861152,,3.5465311324223876,3.3094988665543497,,,,2.7312937532551587,,,,,3.4117032918147743,3.473527458962053,3.2699739122763276
tt_5.5h,,2.8219355973415077,,,2.5506108263507485,2.9459280692972243,2.642455077264458,2.8542067264206707,,2.195463954936713,,,4.257375692017376,2.1807006634771824,4.116075140889734,,,4.030789558775723,,3.507215046323836,3.3195632053539157,,,,2.69332836,,,,,3.3777493108063936,3.4348094589076936,3.2393483868800104
tt_6.0h,,2.8074948308058083,,,2.532806865,2.881615072954446,2.600441871676594,2.792159331496805,,2.1798322182148695,,,4.218564570881426,2.1726426095701754,4.080954729113728,,,4.009135211352259,,3.4698098772205412,3.3080930593423545,,,,2.645619420800358,,,,,3.3466586684808135,3.415977792814374,3.2114376854151487
tt_6.5h,,2.7444582073949277,,,2.503469658549875,2.8501198031008244,2.5628590960986912,2.7244456936605275,,2.166449632961303,,,4.225857553537935,2.1656593773514032,3.9893934531137347,,,3.9816163065843284,,3.434194056,3.318931653164327,,,,2.6144822416827083,,,,,3.3180742948316038,3.382418339140713,3.194133772980422
tt_7.0h,,2.696155345533043,,,2.487761013675481,2.7936151092872024,2.529186477418989,2.672814702615142,,2.138854324351996,,,4.188037768471986,2.140398931223899,3.959863068535924,,,3.9670871989801526,,3.3841503146104515,3.3115004133433104,,,,2.581964015495032,,,,,3.291666603,3.3502264339476824,3.1702956734225154
tt_7.5h,,2.6614316017366946,,,2.4788838298991323,2.7519572540186346,2.499018002767116,2.6250212038867176,,2.1434630970470607,,,4.167152501642704,2.135484121274203,3.9157383795827627,,,3.9504937608726323,,3.3656807779334486,3.3231786927208304,,,,2.5557895256206393,,,,,3.267200490925461,3.3292038035579026,3.152617056388408
tt_8.0h,,2.6179613047279418,,,2.4645429286174476,2.7174866613931954,2.4834351711906493,2.5806116363964975,,2.134816513862461,,,4.130893807858229,2.1312805032357574,3.8891448634676635,,,3.942705118097365,,3.3343881447799504,3.3314288575202227,,,,2.5209974637255073,,,,,3.252006518188864,3.3014135570265353,3.132080329116434
tt_8.5h,,2.570870905648917,,,2.4664885252714157,2.672458745073527,2.458511332049966,2.5392475994303823,,2.1115322466939688,,,4.111418019980192,2.1215992742218077,3.7736336458474398,,,3.928801478818059,,3.288418468553573,3.324675980489701,,,,2.489604206290096,,,,,3.2305331993848085,3.288491818588227,3.1040110774338245
tt_9.0h,,2.5646666609682143,,,2.4460842018015683,2.651633265428245,2.4362105019390583,2.5006732544861734,,2.1056331363506615,,,4.076566340401769,2.1167607456445694,3.7519529117271304,,,3.916168551892042,,3.2598916976712644,3.3371423701755702,,,,2.459462665487081,,,,,3.2104855771176517,3.2636749064549804,3.0862045628018677
tt_9.5h,,2.507083518896252,,,2.4327379120513797,2.612154913600534,2.412497620563954,2.4576944676227868,,2.100853655487299,,,4.058574359398335,2.098539332393557,3.715173307340592,,,3.9112579454667866,,3.232627813704312,3.3470779093913734,,,,2.441399426665157,,,,,3.1917201643809676,3.2524366308934987,3.0697198663838208
tt_10.0h,,2.488370922859758,,,2.427934505045414,2.5944210467860103,2.3949835882522166,2.424429537728429,,2.0930582196451724,,,4.0252058687619865,2.096865003928542,3.6954601774923503,,,3.902678660582751,,3.2026300546713173,3.3401133003644645,,,,2.4206502907909453,,,,,3.174102736171335,3.2213082765229046,3.054444595705718
tt_10.5h,,2.468669136054814,,,2.415063523221761,2.5547712733969092,2.379217022098601,2.3932935362681746,,2.089802791364491,,,4.008606297,2.0940295993350446,3.660549310967326,,,3.8928623842075467,,3.1773773157037795,3.3506890875287354,,,,2.405548859387636,,,,,3.1542791491374373,3.2042869897559285,3.046402463223785
tt_11.0h,,2.434156652074307,,,2.399129113648087,2.5220877956598997,2.3650238909758627,2.3641013647429645,,2.087385547813028,,,3.955359472427517,2.0932743498124182,3.6147315790876746,,,3.890002773143351,,3.1532228435389698,3.364725795108825,,,,2.3831903017126024,,,,,3.138879598118365,3.1910740048624575,3.0330740679055452
tt_11.5h,,2.4319421155378222,,,2.3868704549968243,2.508128003682941,2.3522384599782526,2.336744216270745,,2.085722449235618,,,3.940495598129928,2.076749532017857,3.5822882396169007,,,3.8816878832876682,,3.1300940485671163,3.3557142508216202,,,,2.3709344109520316,,,,,3.1244800742715597,3.171997180208564,3.0207086647860706
tt_12.0h,,2.385189422406256,,,2.3908281438052654,2.4791785101406276,2.340672042686492,2.311069635208696,,2.0686378348618746,,,3.910094147082418,2.0754600036889315,3.5666748993098736,,,3.874080910347402,,3.102956270799041,3.370689682662487,,,,2.3555180029943585,,,,,3.116641046013683,3.164094631560147,3.009235067293048
tt_12.5h,,2.3730639698915184,,,2.372540392447263,2.467371399048716,2.3301579230464995,2.282325533218682,,2.0791477556340396,,,3.9030945459380746,2.075755797326565,3.535646677017212,,,3.8566427072510123,,3.081481614150107,3.3862140378914773,,,,2.337705212,,,,,3.103820672724396,3.1531963809393346,3.0040644253604114
tt_13.0h,,2.3568613384850323,,,2.3657020959071815,2.4512559422291815,2.3206203021109104,2.2600363241508603,,2.079100166913122,,,3.889442266896367,2.071688360068947,3.497143537737429,,,3.850126467179507,,3.0609005843289196,3.3832472288049757,,,,2.312737461645156,,,,,3.0917986687272787,3.1399988965131342,2.9940537866204977
tt_13.5h,,2.330652318894863,,,2.3645877675153315,2.4271759591065347,2.3119212184101343,2.2390920664183795,,2.063453582,,,3.8601282723248005,2.0725993723608553,3.4680272242985666,,,3.8453330025076866,,3.025078805629164,3.3949522394686937,,,,2.300475304480642,,,,,3.0805531600490212,3.114366483874619,2.9847988579422235
tt_14.0h,,2.307050204835832,,,2.3532440457493067,2.4020072552375495,2.302489151712507,2.219449282158166,,2.0644272854551673,,,3.8473419048823416,2.056859246455133,3.4555727927945554,,,3.8451329367235303,,3.006198288872838,3.393039580900222,,,,2.293366091325879,,,,,3.069986451882869,3.102414389140904,2.9762128246948123
tt_14.5h,,2.2919572172686458,,,2.3580662487074733,2.380676916334778,2.2954208576120436,2.2010614462196827,,2.0761470324359834,,,3.8188438396900892,2.0583133716136217,3.4275422538630664,,,3.8399784937500954,,3.005134578794241,3.4103243658319116,,,,2.280211878940463,,,,,3.0600946391932666,3.094097685534507,2.9732456728816032
tt_15.0h,,2.2708575683645904,,,2.331448730546981,2.373170427978039,2.2889908589422703,2.183837902266532,,2.0638599931262434,,,3.806850189343095,2.059979963116348,3.394798413850367,,,3.8352852226234972,,2.9712823214940727,3.425008611753583,,,,2.2771751689724624,,,,,3.0508183161728084,3.0863422183319926,2.9672545297071338
tt_15.5h,,2.264384468551725,,,2.336652284953743,2.3542924160137773,2.288615472149104,2.1646499056369066,,2.0658666165545583,,,3.7791224690154195,2.0612769750878215,3.368255294393748,,,3.8360900809057057,,2.954298384487629,3.4211111809127033,,,,2.265817202627659,,,,,3.042113395873457,3.0760622094385326,2.9602740267291665
tt_16.0h,,2.237464723177254,,,2.321191848721355,2.344721319619566,2.2831546920351684,2.1497701555490494,,2.0682825818657875,,,3.7506770682521164,2.0472915046848357,3.3582840422168374,,,3.8321538576856256,,2.9380475194193423,3.4377939640544355,,,,2.2617614483460784,,,,,3.022591067943722,3.0693655349314213,2.9538645474240184
tt_16.5h,,2.2322377101518214,,,2.326970099005848,2.339219180867076,2.2782502197660506,2.135870144236833,,2.071079599671066,,,3.723945302888751,2.0495999264530838,3.3242250895127654,,,3.8292656131088734,,2.9224994676187634,3.452010355424136,,,,2.2540138233453035,,,,,3.0149090979248285,3.049356661271304,2.9364475128240883
tt_17.0h,,2.215614165,,,2.316894669085741,2.3235118044540286,2.2738411081954837,2.122911681421101,,2.0678883106447756,,,3.7136339559219778,2.0479091885499656,3.2809280552901328,,,3.830830314196646,,2.900637803133577,3.4514097976498306,,,,2.235024542082101,,,,,3.0077264178544283,3.0382313653826714,2.9309314293786883
tt_17.5h,,2.202371981460601,,,2.309134369250387,2.303055875003338,2.2698494833894074,2.1109057893045247,,2.0712404218502343,,,3.6875521605834365,2.0502382735721767,3.2729922677390277,,,3.827775354962796,,2.886233810801059,3.4607134368270636,,,,2.2268280629068613,,,,,3.001059938,3.035033249296248,2.9259072062559426
tt_18.0h,,2.1873173699714243,,,2.3157210242934525,2.289187030401081,2.2663143007084727,2.0997481853701174,,2.074912979733199,,,3.6779146222397685,2.0530955740250647,3.2493039681576192,,,3.825018374249339,,2.872457340359688,3.474849776830524,,,,2.2251248913817108,,,,,2.994833243545145,3.024988547898829,2.921318233013153
tt_18.5h,,2.1681771762669086,,,2.302413388621062,2.2833710899576545,2.2626219312660396,2.0873523112386465,,2.0627803509123623,,,3.6525268307887018,2.0399887268431485,3.242025300860405,,,3.8111248398199677,,2.8431798592209816,3.470980728045106,,,,2.2196370004676282,,,,,2.9890882200561464,3.0205955114215612,2.9171389411203563
tt_19.0h,,2.160777757,,,2.3095213542692363,2.273705007042736,2.2599641187116504,2.077927886508405,,2.067036312073469,,,3.6620505498722196,2.042891468387097,3.2189697683788836,,,3.808843257371336,,2.830578395165503,3.483201631810516,,,,2.218878589104861,,,,,2.983763990458101,3.018364580348134,2.917556402273476
tt_19.5h,,2.1585014145821333,,,2.291347749531269,2.269147003,2.2576506715267897,2.069253809284419,,2.080897028092295,,,3.637046563,2.046138492412865,3.196016293950379,,,3.8068000692874193,,2.826870854012668,3.475332444999367,,,,2.213210436049849,,,,,2.978819225449115,3.0098048094660044,2.9140544841066003
tt_20.0h,,2.1303096753545105,,,2.295215738005936,2.267248044721782,2.255649064667523,2.0612245723605156,,2.0694644432514906,,,3.628452374599874,2.0495022516697645,3.173858202062547,,,3.8098851973190904,,2.799083241727203,3.4859780999831855,,,,2.214375319890678,,,,,2.9783856184221804,2.9920524642802775,2.9109225613065064
tt_20.5h,,2.1342131225392222,,,2.2868643635883927,2.257288684602827,2.253937767352909,2.0539278453215957,,2.0743769500404596,,,3.604076735675335,2.0367209259420633,3.1680923369713128,,,3.808178491424769,,2.7879133322276175,3.495517339091748,,,,2.209688345436007,,,,,2.974170399364084,2.9844105136580765,2.9081161059439182
tt_21.0h,,2.1168431020341814,,,2.2913551670499146,2.2382969446480274,2.2525186012499034,2.0472974381409585,,2.0795150487683713,,,3.5960925207473338,2.040275272913277,3.1464665341190994,,,3.8066609888337553,,2.777280792593956,3.4887585234828293,,,,2.194505198393017,,,,,2.969579506199807,2.9832992991432548,2.909587155561894
tt_21.5h,,2.111266454216093,,,2.2904384690336883,2.231467407,2.251359310001135,2.040044334717095,,2.084868417,,,3.558355178218335,2.0398977543227375,3.1264552660286427,,,3.8097641016356647,,2.7588452957570553,3.4949586587026715,,,,2.1915063210763037,,,,,2.9661154081113636,2.9810435380786657,2.9073210046626627
tt_22.0h,,2.110607243143022,,,2.2794577120803297,2.229573591146618,2.250423632096499,2.0348194912075996,,2.083325883373618,,,3.5511939167045057,2.043586311,3.1056219525635242,,,3.8085400187410414,,2.749065621756017,3.5034242291003466,,,,2.193084361962974,,,,,2.962947348598391,2.9758565076626837,2.9057005308568478
tt_22.5h,,2.0849362234584987,,,2.287962705362588,2.229565823916346,2.2496857782825828,2.029976195655763,,2.0889116055332124,,,3.528199433814734,2.047274960204959,3.101108642295003,,,3.8074721009470522,,2.7397366990335286,3.493805433,,,,2.190152504481375,,,,,2.9601087756454945,2.9742452413775027,2.903901799581945
tt_23.0h,,2.0894528604112566,,,2.280490572564304,2.2226670272648335,2.253432833123952,2.0256780604831874,,2.094636247958988,,,3.5215866276994348,2.0349895390681922,3.080715886782855,,,3.8110893201082945,,2.7308900197967887,3.5003947373479605,,,,2.192379282787442,,,,,2.9575571292079985,2.9685681010596454,2.9061503554694355
tt_23.5h,,2.0807525599375367,,,2.277400439605117,2.2220583097077906,2.2529004039242864,2.022019266150892,,2.084390252828598,,,3.499115325510502,2.0388507856987417,3.063234259840101,,,3.8102404861710966,,2.7063511447049677,3.5059053185395896,,,,2.190608378034085,,,,,2.955275520682335,2.952544034924358,2.904762418475002
tt_24.0h,,2.0651918058283627,,,2.2702192370779812,2.2174491239711642,2.252592093,2.018890379,,2.0903710816055536,,,3.4930155239999294,2.042723122984171,3.043536872137338,,,3.8095102389343083,,2.7055777017958462,3.4947594185359776,,,,2.188740319572389,,,,,2.956924606114626,2.951806401833892,2.9035727130249143
tt_24.5h,,2.06147838,,,2.2765324153006077,2.201539537869394,2.2523789522238076,2.015580281149596,,2.1049925638362765,,,3.4710477110929787,2.046651864424348,3.0401409389451146,,,3.7970856218598783,,2.697894938290119,3.5015987032093108,,,,2.191733035258949,,,,,2.9550942056812346,2.9480411293916404,2.9025625931099057
tt_25.0h,,2.0463852025568485,,,2.269701463636011,2.1976728858426213,2.252237751148641,2.0133269485086203,,2.094995147548616,,,3.465068031102419,2.0345203829929233,3.003613555803895,,,3.7965352293103933,,2.674480360932648,3.5054638418368995,,,,2.190676810685545,,,,,2.9534804583527148,2.947836393956095,2.889304061885923
tt_25.5h,,2.039421968,,,2.279141516890377,2.198588323779404,2.2521485537290573,2.0114252036437392,,2.101208893582225,,,3.4595104018226266,2.0344752073287964,2.988778204191476,,,3.796068756841123,,2.6675893175415695,3.4960291967727244,,,,2.1779440375976264,,,,,2.9520767563953996,2.9445575773715973,2.888575969
tt_26.0h,,2.0445966399274766,,,2.2774256374686956,2.1998329581692815,2.2520950865000486,2.009982133284211,,2.107521911151707,,,3.4380412730388343,2.038477114867419,2.970240768045187,,,3.7999354312196374,,2.6610335051082075,3.4999974481761456,,,,2.177074150647968,,,,,2.950870673637837,2.9448459171690047,2.887978072743863
tt_26.5h,,2.022220388520509,,,2.2710518655367196,2.196983511559665,2.2520648022182286,2.0088672223500907,,2.1060387659817934,,,3.432856730185449,2.0425030700862408,2.9679649150930345,,,3.7996570761315525,,2.645449215080589,3.490444097,,,,2.180905892048031,,,,,2.949834614060819,2.929262322373688,2.887493720278144
tt_27.0h,,2.024176359642297,,,2.2784785362891853,2.1988527700304985,2.2520486637949944,2.008053812664002,,2.112445359118283,,,3.400170709937811,2.046536765061319,2.949737639632076,,,3.7993612051941454,,2.6395142930559814,3.4939427841454744,,,,2.180360201280564,,,,,2.948949395213276,2.926670804619789,2.890720827039331
tt_27.5h,,2.021939325146377,,,2.2724104216322303,2.1965935030020773,2.2520406069234014,2.0075083100236952,,2.1189369624480605,,,3.395527650602162,2.034493296407163,2.9477660078555346,,,3.7991157076321542,,2.6339300284162164,3.497556841932237,,,,2.1842771489173174,,,,,2.948212276,2.9276305329985917,2.890402835328132
tt_28.0h,,2.0081736682914197,,,2.2739792484790087,2.182911545969546,2.2520364061929286,2.0071216584183276,,2.1255095778033137,,,3.3749316199682653,2.038567674346268,2.9189434736035764,,,3.803123652469367,,2.6286619300954044,3.4879676760174334,,,,2.184036927,,,,,2.9510801476426423,2.925439900252968,2.8901559808291495
tt_28.5h,,2.003294624853879,,,2.2658943105489016,2.180820366833359,2.252035043668002,2.006956606172025,,2.116048993077129,,,3.3706010268069804,2.0426501273177564,2.917446602601558,,,3.8029520828276873,,2.610433343797922,3.4914696468040347,,,,2.1880848961882293,,,,,2.9505724632181227,2.9267925838939846,2.889967398252338
tt_29.0h,,1.992938108742237,,,2.276317987125367,2.184115323238075,2.252034505829215,2.006878573447466,,2.1306524630635977,,,3.350325801409781,2.046734190545976,2.899988510645926,,,3.8028130321763456,,2.6120228334330022,3.4979379014112055,,,,2.1879368079826236,,,,,2.950165039859712,2.9287647721357644,2.893396323081106
tt_29.5h,,1.9886316750198603,,,2.268602218478918,2.187213609,2.2520343102514744,2.006847393233329,,2.137363556306809,,,3.3463227287866175,2.0467328866943717,2.898772801272571,,,3.8069086391478777,,2.607568847,3.485309239011258,,,,2.1759988931007683,,,,,2.9498432585969567,2.9266817811876535,2.8933059428818524
tt_30.0h,,1.991775592789054,,,2.270823497325182,2.186169007793069,2.252034245058894,2.0068371584638953,,2.128284966573119,,,3.3263543150387704,2.034736172296107,2.871513550169766,,,3.806832101661712,,2.5873252665624022,3.4919563299044967,,,,2.1759484438225627,,,,,2.9495926457457244,2.9124528490938246,2.8932213303633034